<?xml version="1.0" encoding="utf-8"?>
<ckplayer>
	<style>		
		<controlbar>bg.png</controlbar>
		<!--
		控制栏背景图片
		-->
		<cplay>play.png,play-on.png</cplay>
		<!--
		播放按钮的二个图片
			1、普通状态下的图片
			2、鼠标经过时的图片
		-->
		<cpause>pause.png,pause-on.png</cpause>
		<!--
		暂停按钮的二个图片
			1、普通状态下的图片
			2、鼠标经过时的图片
		-->
		<pausec>images_Pause_Scgedyke.png,images_Pause_Scgedyke_on.png</pausec>
		<!--
		播放器中间暂停按钮的二个图片
			1、普通状态下的图片
			2、鼠标经过时的图片
		-->
		<sound>images_Sound_out.png,images_Sound_on.png</sound>
		<!--
		静音按钮的二个图片
			1、普通状态下的图片
			2、鼠标经过时的图片
		-->
		<mute>images_Mute_out.png,images_Mute_on.png</mute>
		<!--
		取消静音按钮的二个图片
			1、普通状态下的图片
			2、鼠标经过时的图片
		-->
		<full>images_Full_out.png,images_Full_on.png</full>
		<!--
		全屏按钮的二个图片
			1、普通状态下的图片
			2、鼠标经过时的图片
		-->
		<general>images_General_out.png,images_General_on.png</general>
		<!--
		取消全屏按钮的二个图片
			1、普通状态下的图片
			2、鼠标经过时的图片
		-->
		<cvolume>images_Volume_back.png,images_Volume_on.png,images_Volume_Float.png,images_Volume_Float_on.png</cvolume>
		<!--
		音量调节框的四个图片
			1、调节框的背景图片(显示总体音量，1-100)
			2、调节框的前景图片(显示当前音量的)
			3、拖动按钮普通状态下的图片
			4、拖动按钮鼠标经过时的图片
		-->
		<schedule>images_Schedule_bg.png,images_Schedule_load.png,images_Schedule_play.png,images_Schedule.png,images_Schedule_on.png</schedule>
		<!--
		进度栏的五个图片
			1、进度栏背景图片
			2、已加载进度图片
			3、已播放进度图片
			4、拖动按钮普通状态下的图片
			5、拖动按钮鼠标经过时的图片
		-->
		<fast>fast.png,fast-on.png,images_Fashr_out.png,images_Fashr_on.png</fast>
		<!--
		快进和快退按钮图片
			1、快进按钮普通状态下的图片
			2、快进按钮鼠标经过时的图片
			3、快退按钮普通状态下的图片
			4、快退按钮鼠标经过时的图片
		-->
		<advmute>images_v_off_out.png,images_v_off_on.png,images_v_on_out.png,images_v_on_on.png</advmute>
		<!--
		前置广告时静音按钮的四个图片
			1、静音按钮普通状态下的图片
			2、静音按钮鼠标经过时的图片
			3、取消静音按钮普通状态下的图片
			4、取消静音按钮鼠标经过时的图
		-->
		<advjump>images_adv_skip_out.png,images_adv_skip_on.png</advjump>
		<!--
		前置广告时路过按钮的二个图片
			1、普通状态下的图片
			2、鼠标经过时的图片
		-->
		<advclose>images_close_adv_out.png,images_close_adv_on.png</advclose>
		<!--
		关闭滚动文字广告按钮的二个图片
			1、普通状态下的图片
			2、鼠标经过时的图片
		-->
		<padvclose>pause_adv_close_out.png,pause_adv_close_on.png</padvclose>
		<!--
		关闭暂停广告按钮的二个图片
			1、普通状态下的图片
			2、鼠标经过时的图片
		-->
		<buffer>buffer.swf</buffer>
		<!--缓冲时显示的图标，不使用设置成null-->
		<!--以上是播放器用到的按钮和控制栏的图片，可以自己更改图片样式和坐标，坐标在本文档里配置-->
		<pm_load>1,1,-50,10,1,0,0</pm_load>
		<!--
		提示加载视频百分比的文本框
			0、水平对齐方式，0是左，1是中，2是右
			1、垂直对齐方式，0是上，1是中，2是下
			3、水平偏移量
			4、垂直偏移量
			5、文本对齐方式：0是左对齐，1是中间对齐，2是右对齐，3是默认对齐（相当于左对齐）
			6、文本框的宽，只有在左/右对齐时有效
			7、文本框的高
			特别说明：在所有关于文本的控制中，只有设置了左右对齐，后面的宽度才会有效果，如果设置的中间对齐，则宽度无效果
		-->
		<pm_buffer>1,1,-20,-35</pm_buffer>
		<!--缓冲时显示的图标(buffer图标)的坐标-->
		<pm_buffertext>1,1,-13,-25,0,40,0</pm_buffertext>
		<!--
		缓冲文本框(提示加载百分比)的坐标
			缓冲进度文本框(提示缓冲百分比)的坐标
			0、水平对齐方式，0是左，1是中，2是右
			1、垂直对齐方式，0是上，1是中，2是下
			3、水平偏移量
			4、垂直偏移量
			5、文本对齐方式：0是左对齐，1是中间对齐，2是右对齐，3是默认对齐（相当于左对齐）
			6、文本框的宽，只有在左/右对齐时有效
			7、文本框的高
			特别说明：在所有关于文本的控制中，只有设置了左右对齐，后面的宽度才会有效果，如果设置的中间对齐，则宽度无效果
		-->
		<pm_ctbar>1,2,0,-36,0,36,0</pm_ctbar>
		<!--
		控制栏的参数(进度栏和滚动文字广告栏的坐标也是7个参数，都参考这里)
		这里分二种情况,前六个参数是控制第7个参数是设置定位方式(0：相对定位，1：绝对定位)
		第一种情况：第7个参数是0的时候，相对定位，就是播放器长宽变化的时候，控制栏也跟着变
			1、默认1:中间对齐
			2、上中下对齐（0是上，1是中，2是下）
			3、离左边的距离
			4、Y轴偏移量
			5、离右边的距离
			6、高度
			7、定位方式
		第二种情况：第7个参数是1的时候，绝对定位，就是播放器长宽变化的时候，控制栏不跟着变，这种方式一般使用在控制栏大小不变的时候
			1、左中右对齐方式（0是左，1是中间，2是右）
			2、上中下对齐（0是上，1是中，2是下）
			3、x偏移量
			4、y偏移量
			5、宽度
			6、高度
			7、定位方式
		-->
		<pm_sch>1,2,10,-45,10,6,0,12,12</pm_sch>
		<!--
		进度条的参数，这里分二种情况
			第一种情况：第7个参数是0的时候，相对定位，就是播放器长宽变化的时候，控制栏也跟着变
				1、默认1:中间对齐
				2、上中下对齐（0是上，1是中，2是下）
				3、离左边的距离
				4、Y轴偏移量
				5、离右边的距离
				6、高度
				7、定位方式
				8、拖动按钮的宽
				9、拖动按钮的高
			第二种情况：第7个参数是1的时候，绝对定位，就是播放器长宽变化的时候，控制栏不跟着变，这种方式一般使用在控制栏大小不变的时候
				1、左中右对齐方式（0是左，1是中间，2是右）
				2、上中下对齐（0是上，1是中，2是下）
				3、x偏移量
				4、y偏移量
				5、宽度
				6、高度
				7、定位方式
				8、拖动按钮的宽
				9、拖动按钮的高
		-->
		<pm_play>0,2,0,-36,62,36</pm_play>
		<!--
		播放按钮的位置
			0、水平对齐方式，0是左，1是中，2是右
			1、垂直对齐方式，0是上，1是中，2是下
			3、水平偏移量
			4、垂直偏移量
			5、按钮宽
			6、按钮高
		-->
		<pm_clock>0,2,100,-25,2,0,0</pm_clock>
		<!--
		显示当前播放时间和总时间的位置，这个要跟pr_clock的设置配合使用
			0、水平对齐方式，0是左，1是中，2是右
			1、垂直对齐方式，0是上，1是中，2是下
			3、水平偏移量
			4、垂直偏移量
			5、文本对齐方式(0左，1中，2右)
			6、宽度
			7、高度
		-->
		<pm_clock2>0,2,120,-28,0,0,0</pm_clock2>
		<!--该功能跟pm_clock的功能一致，主要是为了在做风格时需要在二个不同的地方显示已播放时间和总时间时使用-->
		<pr_clock></pr_clock>
		<!--
		这里显示播放时间和总时间，[$Time]会被替换成已播放时间，[$TimeAll]会被替换成总时间
		[$Timewait]参数会被替换成在默认不加载的时候并且没有设置各段视频的时间和字节的时候显示pr_clockwait的值
		-->
		<pr_clock2>{font color='#FFFFFF' size='12'}[$Time] / [$TimeAll][$Timewait]{/font}</pr_clock2>
		<!--
		这里显示播放时间和总时间，[$Time]会被替换成已播放时间，[$TimeAll]会被替换成总时间
		[$Timewait]参数会被替换成在默认不加载的时候并且没有设置各段视频的时间和字节的时候显示pr_clockwait的值 
		ck.pr_clock和ck.pr_clock2配合使用可以同时在二个不同的位置显示已播放时间和总时间 
		-->
		<pm_full>2,2,-40,-36,35,30</pm_full>
		<!--
		全屏和取消全屏按钮的坐标
			0、水平对齐方式，0是左，1是中，2是右
			1、垂直对齐方式，0是上，1是中，2是下
			3、水平偏移量
			4、垂直偏移量
			5、宽度
			6、高度
		-->
		<pm_vol>2,2,-110,-22,60,8,6,12</pm_vol>
		<!--
		音量调节框的坐标
			0、水平对齐方式，0是左，1是中，2是右
			1、垂直对齐方式，0是上，1是中，2是下
			3、水平偏移量
			4、垂直偏移量
			5、音量控制区域的宽度
			6、音量控制区域的高度
			7、拖动按钮的宽度
			8、拖动按钮的高度
		-->
		<pm_sound>2,2,-150,-36,46,36</pm_sound>
		<!--
		静音和取消静音的坐标
			0、水平对齐方式，0是左，1是中，2是右
			1、垂直对齐方式，0是上，1是中，2是下
			3、水平偏移量
			4、垂直偏移量 
			5、宽度
			6、高度
		-->
		<pm_fastf>0,2,62,-36,62,36</pm_fastf>
		<!--
		快进按钮的坐标
			0、水平对齐方式，0是左，1是中，2是右
			1、垂直对齐方式，0是上，1是中，2是下
			3、水平偏移量
			4、垂直偏移量 
			5、宽度
			6、高度
		-->
		<pm_fastr>-1,2,0,-39,13,9</pm_fastr>
		<!--
		快退按钮的坐标
			0、水平对齐方式，0是左，1是中，2是右
			1、垂直对齐方式，0是上，1是中，2是下
			3、水平偏移量
			4、垂直偏移量 
			5、宽度
			6、高度
		-->
		<pm_pa>1,1,-30,-46,60,60,0,2,10,-120</pm_pa>
		<!--
		中间暂停按钮的坐标控制，四个一组
			0、没有暂停广告时水平对齐方式，0是左，1是中，2是右
			1、没有暂停广告时垂直对齐方式，0是上，1是中，2是下
			3、没有暂停广告时水平偏移量
			4、没有暂停广告时垂直偏移量 
			5、宽度
			6、高度
			7、有暂停广告时水平对齐方式，0是左，1是中，2是右
			8、有暂停广告时垂直对齐方式，0是上，1是中，2是下
			9、有暂停广告时水平偏移量
			10、有暂停广告时垂直偏移量
		-->
		<pm_bg>0x000000,100,230,180</pm_bg>
		<!--
		播放器整体的背景配置
			1、整体背景颜色
			2、背景透明度
			3、播放器最小宽度
			4、播放器最小高度
			3，4二个值主要是控制不让播放器上各元素错位
		-->
		<pm_video>0,0,0,0,0x000000,0,0,0,0,0</pm_video>
		<!--
		视频固定区域
			1、控制栏未隐藏时左边预留宽
			2、控制栏未隐藏时上面预留高度
			3、控制栏未隐藏时右边预留宽度
			4、控制栏未隐藏时下面预留高度
			5、该区域背景颜色
			6、该区域背景透明度
			7、控制栏隐藏时左边预留宽
			8、控制栏隐藏时上面预留高度
			9、控制栏隐藏时右边预留宽度
			10、控制栏隐藏时下面预留高度
		-->
		<pm_pr>0x000000,0x000000,0xffffff,0,50,80,10</pm_pr>
		<!--
		鼠标经过按钮或进度栏显示一个文字提示框
			1、提示框背景颜色
			2、边框颜色
			3、文字的颜色
			4、边框的弧度
			5、提示框透明度
			6、文字透明度
			7、离按钮的距离，这里指提示框的底部离所需提示的按钮上方的距离
		-->
		<pm_advbg>0x000,100</pm_advbg>
		<!--
		播放前置广告时底部颜色和透明度，这是一个层，主要用来遮住播放器上的所有元件和元素，不让用户点击
			1、底部颜色
			2、透明度
		-->
		<pm_start>8,5,0xFFFFFF,60</pm_start>
		<!--
		进度栏提示点宽，高，颜色,透明度，这是用来制作在进度栏上根据设定的内容为观看者提供视频里关键时间点内容简介的指示块
		-->
		<pm_sce>3,0x6E6E6E,60,0xFF0000,60</pm_sce>
		<!--
		当控制栏隐藏时在底部显示一个进度条
			1、进度条的高度
			2、底部颜色
			3、底部颜色透明度
			4、进度颜色
			5、进度颜色的透明度
		-->
		<author>Slum,http://www.ckplayer.com/</author>
		<!--
		风格作者的昵称和链接地址，昵称和链接地址之间用逗号隔开
		-->
		<!--
		以下内容部份是和插件相关的配置，在风格设置中为了做出一些特殊效果，往往也需要使用插件来定义一些图片跟风格配合做出更出色的界面，请注意，自定义插件以及其配置的命名方式要注意，不要和系统的相重复，不然就会替换掉系统的相关设置，删除相关插件的话也可以同时删除相关的配置
		-->
		<!--
		<cpt>tab_left.png,0,2,23,-47,0</cpt>
		<!--
		进度栏左边做圆边的一个像宽度的图片
		-->
		<!--
		<cpt>tab_right.png,2,2,-30,-47,0</cpt>
		<!--
		进度栏右边做圆边的一个像宽度的图片
		-->
	</style>
</ckplayer>